SpectraFile	Biological set	Retention time(min)	Ion injection time(ms)	SpecID	ScanNum	FragMethod	Precursor	IsotopeError	PrecursorError(ppm)	Charge	Peptide (with modification)	Peptide sequence	PEPTIDE_ID	Protein (protein id)	DeNovoScore	MSGFScore	SpecEValue	EValue	percolator svm-score	PSM q-value	peptide q-value	ch_tmt10plex_126	tmt10plex_127N	tmt10plex_127C	tmt10plex_128N	tmt10plex_128C	tmt10plex_129N	tmt10plex_129C	tmt10plex_130N	tmt10plex_130C	tmt10plex_131	blastp_category	blastp_match	identity	peplen	sub_pos	Nterm-seq(3aa)	aligned_seq	Cterm-seq(3aa)	alignlen	mismatch	gap	SpectrumAI_result
Save in (Fraction table)		x	x	Save in (PSM table)	PSM t.	FragmentMethod t.	PSM t.	PSM t.	PSM t.	PSM t.	Peptide t. With a reference in PSM	Peptide t.	PSM t.	Protein t.	PSM t.	PSM t.	PSM t.	PSM t.	PSM t.	PSM t.	PSM t.	"Channel t. (SpecID, tmt10plex_126, 1.30990008833648) ^^^ sample labels"										x	x	x	x	x	x	x	x	x	x	x	x
GMRBRK_20181223_Gros-Kiessling-melanoma-combo_TMTset1_350ug_IPG3-10_fr07.mzML	set1	54.317644	100.000001490116	controllerType=0 controllerNumber=1 scan=27860	27860	HCD	942.20013	0	1.6842672	4	+229.163GGDDGDGGGDHVPAEPLQAVCTVLHQPAQPGAEER	GGDDGDGGGDHVPAEPLQAVCTVLHQPAQPGAEER		"=_#j_3253874@3.95205154335242@fr7:279321(pre=-,post=-)"	203	147	8.1392923E-25	4.828093E-17	4.31	0.0	0.0	1.3099000883364800	1.1839837220576700	1.0409714654046400	0.9947129250782100	1.1241666864151600	0.9726203803907130	1.4540875322410800	1.090055447281750	1.0910546290337100	1.0	novelpep (map to known protein with more than 2 mismatched aa)	NP_001087194.1	60.000	35	NA	PTAGED	GEDGGGGGGGAPAQP	AQPAAP	15	6	0	NA
GMRBRK_20181223_Gros-Kiessling-melanoma-combo_TMTset1_350ug_IPG3-10_fr07.mzML	set1	83.554812	99.99268501997	controllerType=0 controllerNumber=1 scan=43337	43337	HCD	1077.7592	2	-0.7639048	4	+229.163EQMYNILMWIHDNYSRDPESETDNDSQEIFK+229.163	EQMYNILMWIHDNYSRDPESETDNDSQEIFK		"j_4904195@3.97822889798687@fr7:421591(pre=-,post=-)"	253	185	8.311184E-25	4.8521852E-17	3.993	0.0	0.0	1.140074067164290	0.9252524493060080	0.985139683849278	1.0637855033833200	0.9232547520775440	1.1135421157010400	1.2935123662696900	1.1493802368058600	1.0138104428093800	1.0	novelpep (map to known protein with more than 2 mismatched aa)	NP_008835.5	100.000	31	NA	DNYRDP	RDPESETDNDSQEIFK	IFKLAK	16	0	0	NA
GMRBRK_20181223_Gros-Kiessling-melanoma-combo_TMTset1_350ug_IPG3-10_fr07.mzML	set1	80.676673	100.000001490116	controllerType=0 controllerNumber=1 scan=41883	41883	HCD	1423.2506	2	-0.9855555	2	+229.163SGADATAEPMILEQYVVVSNYK+229.163			"j_7674397@3.98383977286142@fr7:579761(pre=-,post=-)"	300	268	1.0463606E-24	5.821728E-17	3.811	0.0	0.0	3.126870292850960	0.37053057174648900	1.7606266950068600	0.3611499047839770	0.7780243954113500	1.3380258218512300	3.1899806072851000	0.43805012407536500	1.7609887388107600	1.0	map to known protein with 1 aa mismatch	NP_055446.2	95.455	22	1	KDVTGA	TGADATAEPMILEQYVVVSNYK	NYKKQE	22	1	0	PASS
GMRBRK_20181223_Gros-Kiessling-melanoma-combo_TMTset1_350ug_IPG3-10_fr07.mzML	set1	48.847904	59.587527066469	controllerType=0 controllerNumber=1 scan=24883	24883	HCD	874.43866	1	0.6525115	3	+229.163QNLEGDHSDAPMETETLFK+229.163			"smutalt_7117715@4.04493619692178@fr7:990521(pre=-,post=-)"	150	138	4.6942366E-21	2.5568805E-13	3.218	0.0	0.0	0.6943873889270460	0.741705237263511	0.6452922095911650	1.908293775188310	0.8163755530275480	1.1578018750005700	0.8159763325342750	1.8166649990521600	0.7317485589647030	1.0	map to known protein with 1 aa mismatch	NP_055093.2	94.737	19	17	IEKQNL	QNLEGDHSDAPMETETSFK	SFKNEN	19	1	0	PASS
GMRBRK_20181223_Gros-Kiessling-melanoma-combo_TMTset1_350ug_IPG3-10_fr07.mzML	set1	74.616882	100.000001490116	controllerType=0 controllerNumber=1 scan=38662	38662	HCD	931.001	1	9.21717	2	+229.163FIAVGYVDDTEFVR			"=_5921643@3.96859598461651@fr7:503773(pre=-,post=F);=_5921710@3.97850558028774@fr7:503779(pre=-,post=-)"	210	173	6.9044075E-16	3.5898097E-08	1.323	0.0	0.0	0.854531963237686	1.629827794138860	1.2264694024768900	1.1214875845837200	0.9489342920285060	0.8519830706815370	0.9977079388442840	0.9043261666121970	1.2441752703839400	1.0	map to known protein with 1 aa mismatch	NP_002107.3	92.857	14	11	EPRFIA	FIAVGYVDDTQFVR	FVRFDS	14	1	0	PASS
GMRBRK_20181223_Gros-Kiessling-melanoma-combo_TMTset1_350ug_IPG3-10_fr07.mzML	set1	82.090398	100.000001490116	controllerType=0 controllerNumber=1 scan=42592	42592	HCD	834.9165	1	-2.5954604	2	+229.163FSTFFDDASVFR			"smutalt_9889993@4.10033641133878@fr7:1099195(pre=-,post=-)"	162	156	1.1406945E-15	5.7827478E-08	1.701	0.0	0.0	0.3087717642990720	0.3960807048620700	0.5580857343020960	0.4630296866593410	3.6316881622452300	0.35914311899950500	0.8099245610688750	0.38290688383346800	0.4908190547614600	1.0	map to known protein with 1 aa mismatch	XP_011513243.1	91.667	12	9	TARFST	FSTFFDDAPVFR	VFRIPG	12	1	0	PASS
GMRBRK_20181223_Gros-Kiessling-melanoma-combo_TMTset1_350ug_IPG3-10_fr07.mzML	set1	46.493536	100.000001490116	controllerType=0 controllerNumber=1 scan=23613	23613	HCD	864.96936	0	-0.917323	2	+229.163SEPLVSEQLDVAGR			"smutalt_12306706@3.98260288716284@fr7:1213125(pre=-,post=-)"	177	158	1.6919613E-15	8.797017E-08	1.726	0.0	0.0	0.8092188118467330	0.5834062703645120	0.6061051482526920	0.8037192560787060	0.676333364954766	2.4655220525259200	0.9660607045963630	0.7634174351408170	0.5438588080622610	1.0	map to known protein with 1 aa mismatch	XP_011543466.1	92.857	14	4	FSRSEP	SEPPVSEQLDVAGR	AGRVMQ	14	1	0	PASS
GMRBRK_20181223_Gros-Kiessling-melanoma-combo_TMTset1_350ug_IPG3-10_fr07.mzML	set1	28.56392	39.715874940157	controllerType=0 controllerNumber=1 scan=14202	14202	HCD	706.3512	0	3.4563751	2	+229.163EETEEYNLR			"smutref_#smutalt_14031316@3.97850811430874@fr7:838797(pre=-,post=-);smutref_#smutalt_14031328@4.01475976099127@fr7:838799(pre=-,post=D)"	136	136	1.1319093E-12	5.4134274E-05	0.954	0.00702576112412178	0.00964630225080386	1.1843428275857600	0.9117033651581160	0.8819965651745790	0.926957281085453	0.9536177583627270	0.9436438558232390	1.2633653726453900	0.9785542148040610	0.7218148786289890	1.0	map to known protein with 1 aa mismatch	NP_919223.1	88.889	9	2	GIKEDT	EDTEEYNLR	NLRDYF	9	1	0	PASS
GMRBRK_20181223_Gros-Kiessling-melanoma-combo_TMTset1_350ug_IPG3-10_fr37.mzML	set1	54.702075	100.000001490116	controllerType=0 controllerNumber=1 scan=27502	27502	HCD	1121.6881	2	-7.1326437	2	+229.163AQLGVQAFADVLLVIPK+229.163			"=_#n_#k_#j_4641333@6.07317483609115@fr37:517361(pre=-,post=V);=_#n_#k_#j_4641348@6.07177568210747@fr37:517363(pre=-,post=-);k_5964817@6.09063799395498@fr37:665363(pre=-,post=V)"	148	61	1.080804E-12	6.43027E-05	0.934	0.0069124423963133600	0.009523809523809530	1.479094316480130	1.0524714431805200	1.2947419310127400	0.4925454857953990	1.260632228130530	1.428898821042150	1.4969410682152600	1.162428584676960	0.9872244461095480	1.0	novelpep (map to known protein with more than 2 mismatched aa)	NP_001753.1	88.235	17	NA	KGRAQL	AQLGVQAFADALLIIPK	IPKVLA	17	2	0	NA
GMRBRK_20181223_Gros-Kiessling-melanoma-combo_TMTset1_350ug_IPG3-10_fr04.mzML	set1	46.062919	100.000001490116	controllerType=0 controllerNumber=1 scan=24342	24342	HCD	1199.9073	1	2.8668745	3	+229.163RDNSDFDLLTVSETANEPPQDEGNSFNSLR			"smutalt_15234602@3.79129742315664@fr4:1045067(pre=-,post=-)"	212	202	1.01563E-28	5.031781E-21	5.0	0.0	0.0	0.8943523121944180	0.9167396279865	0.7386471486169980	0.7868432867203190	0.725206618290772	1.7132125336461400	1.0263777676707700	0.8747250787010910	0.7194356148711410	1.0	map to known protein with 1 aa mismatch	NP_003744.1	96.667	30	29	FDKRDN	RDNSDFDLLTVSETANEPPQDEGNSFNSPR	SPRNLA	30	1	0	PASS
GMRBRK_20181223_Gros-Kiessling-melanoma-combo_TMTset1_350ug_IPG3-10_fr04.mzML	set1	46.076709	100.000001490116	controllerType=0 controllerNumber=1 scan=24350	24350	HCD	1200.2393	2	0.7474221	3	+229.163RDNSDFDLLTVSETANEPPQDEGNSFNSLR			"smutalt_15234602@3.79129742315664@fr4:1045067(pre=-,post=-)"	197	186	2.377824E-28	1.1780559E-20	5.034	0.0	0.0	0.673944509722619	0.9537584572556180	0.7128952632302110	0.8260982325567360	0.783694416997591	1.6800635078505900	0.8063765373422190	0.7694506026686	0.6413685094411080	1.0	map to known protein with 1 aa mismatch	NP_003744.1	96.667	30	29	FDKRDN	RDNSDFDLLTVSETANEPPQDEGNSFNSPR	SPRNLA	30	1	0	PASS
GMRBRK_20181223_Gros-Kiessling-melanoma-combo_TMTset1_350ug_IPG3-10_fr04.mzML	set1	50.099651	100.000001490116	controllerType=0 controllerNumber=1 scan=26604	26604	HCD	1176.9319	2	0.03578494	3	+229.163EFFVDDSEEIVEGIPQPDPNQPK+229.163PEGR			"j_1154538@3.77970164189206@fr4:69705(pre=-,post=-)"	190	152	3.5555403E-23	1.7340055E-15	3.862	0.0	0.0	0.7812279905209900	0.9649524948913460	1.0084677617726900	0.9994979041495390	1.1004012098487500	0.9516684621091240	0.9886241189302340	0.9161776701197480	1.0669167996223600	1.0	novelpep (map to known protein with more than 2 mismatched aa)	NP_775873.2	64.000	27	NA	LKEFFV	FFVDDSEEIVEVPQPDPNQPKPEGR	EGRQMT	25	9	0	NA
GMRBRK_20181223_Gros-Kiessling-melanoma-combo_TMTset1_350ug_IPG3-10_fr04.mzML	set1	32.177925	100.000001490116	controllerType=0 controllerNumber=1 scan=16501	16501	HCD	998.013	1	-5.597564	2	+229.163DLSQQQMQSDLDK+229.163			"=_#n_#j_5415808@3.83747298022091@fr4:321179(pre=-,post=-)"	203	190	3.6468087E-17	1.5981442E-09	1.912	0.0	0.0	1.019357869231200	0.9955701083041030	0.9062607197958740	0.7445240665555650	0.7505232903285980	1.090303856052270	1.4463717910823800	0.5573713688208070	0.7735502288877630	1.0	map to known protein with 1 aa mismatch	XP_024306860.1	92.308	13	3	REKDLA	DLAQQQMQSDLDK	LDKADL	13	1	0	PASS
GMRBRK_20181223_Gros-Kiessling-melanoma-combo_TMTset1_350ug_IPG3-10_fr04.mzML	set1	58.565708	32.263688743114	controllerType=0 controllerNumber=1 scan=31328	31328	HCD	1136.5981	0	1.9331986	2	+229.163C+57.021APGVVGPAEVDIDFDIIR			"smutalt_18708434@3.81259517145221@fr4:646191(pre=-,post=-);smutalt_18708435@3.86287594999667@fr4:646193(pre=-,post=N)"	248	133	6.398299E-14	2.9636058E-06	1.548	0.0	0.0	0.7419580121533540	1.0536122782414800	0.7815768370339800	0.6252321926575970	0.8592756257680710	2.1562187525796600	0.8151591686358730	0.8180764337539000	0.6905394561945160	1.0	map to known protein with 1 aa mismatch	NP_001447.2	94.737	19	11	GIKCAP	CAPGVVGPAEADIDFDIIR	IIRNDN	19	1	0	PASS
GMRBRK_20181223_Gros-Kiessling-melanoma-combo_TMTset1_350ug_IPG3-10_fr04.mzML	set1	14.000427	28.907349333167	controllerType=0 controllerNumber=1 scan=6388	6388	HCD	731.3542	0	-0.5841846	2	+229.163DAEQEEEVQR			"=_#k_#j_924563@3.78421536527071@fr4:55433(pre=-,post=A);=_#k_#j_924601@3.76430720372882@fr4:55435(pre=-,post=-)"	187	187	6.467846E-14	2.7152726E-06	1.206	0.0	0.0	1.3155945180873500	1.284506628115990	0.9336842547273900	0.9973417331182150	0.7958744382835830	1.1503073560896500	1.4595382645188000	0.9803045976091440	0.926094353113318	1.0	novelpep (map to known protein with more than 2 mismatched aa)	tr|A0A5F9ZI45|A0A5F9ZI45_HUMAN	70.000	10	NA	SESDQE	DQEQEEEIHR	IHRMSR	10	3	0	NA
GMRBRK_20181223_Gros-Kiessling-melanoma-combo_TMTset1_350ug_IPG3-10_fr12.mzML	set1	56.386127	81.371188163757	controllerType=0 controllerNumber=1 scan=29002	29002	HCD	780.76373	1	2.2949803	3	+229.163IMDPNEQLETLHEALK+229.163			"smutalt_14693592@4.32806015252018@fr12:877865(pre=-,post=-)"	160	160	9.503648E-21	5.116852E-13	2.982	0.0	0.0	0.5484886660170000	0.7809975710296920	0.8443301798853680	0.8186442450413620	0.8862911611346110	2.2177671925553700	0.7653815196298630	0.7281955505126670	0.8799780540083440	1.0	map to known protein with 1 aa mismatch	NP_001813.1	93.750	16	5	SAKIMD	IMDPDEQLETLHEALK	ALKLLP	16	1	0	PASS
GMRBRK_20181223_Gros-Kiessling-melanoma-combo_TMTset1_350ug_IPG3-10_fr12.mzML	set1	41.443489	96.86628729105	controllerType=0 controllerNumber=1 scan=21080	21080	HCD	1033.2899	2	-1.033186	4	+229.163VSLPPPPPAAGRPGAAVADDAREEEEEAAPPPPPPPPPR			"=_1874232@4.2318849423252@fr12:167517(pre=-,post=-)"	370	146	1.7447243E-15	1.06164975E-07	1.913	0.0	0.0	1.3615526967954400	1.372524252109010	1.4123259512000300	0.8753834631494710	0.6358647931840940	1.2974617846606000	1.801918769389620	0.8044526276735560	1.1300338629082300	1.0	novelpep (map to known protein with more than 2 mismatched aa)	XP_024310155.1	41.667	39	NA	RAPVPP	VPPAPPLPGDSGTIIPPPPAPGDSTTPPPPPPPPPP	PPPPPP	36	21	0	NA
GMRBRK_20181223_Gros-Kiessling-melanoma-combo_TMTset1_350ug_IPG3-10_fr12.mzML	set1	44.541416	97.464688122272	controllerType=0 controllerNumber=1 scan=22700	22700	HCD	697.38934	1	-0.30502933	2	+229.163SEEVGVGLFAR			"smutalt_#=_#smutref_#j_3395556@4.37261695341125@fr12:300443(pre=-,post=-);smutalt_#=_#smutref_#j_3395598@4.2989782732343@fr12:300447(pre=R,post=-)"	161	161	1.5903513E-14	8.0353567E-07	1.377	0.0	0.0	0.9900461816425050	0.47430202082632700	0.750238073845351	1.4964859863244000	1.0921614282850800	1.0694441918704000	1.2106254810041400	1.450160252773710	0.7563430655882460	1.0	novelpep (map to known protein with more than 2 mismatched aa)	XP_016860828.1	63.636	11	NA	LQKSEE	SEEVGVQVFTK	FTKRPL	11	4	0	NA
GMRBRK_20181223_Gros-Kiessling-melanoma-combo_TMTset1_350ug_IPG3-10_fr12.mzML	set1	10.99738	100.000001490116	controllerType=0 controllerNumber=1 scan=5062	5062	HCD	500.75455	0	-1.5235773	4	+229.163ERPRDAEQEEEVQR			"=_#k_#j_924598@4.23671855167123@fr12:82271(pre=-,post=-)"	176	123	1.4920214E-13	7.863221E-06	1.025	0.002457002457002460	0.003401360544217690	1.7348881094048200	1.197786354609040	0.37683360912540900	0.8944864075295480	0.4805731029153140	0.8102387610430500	0.8608876594053730	0.6564511157724830	0.6946175754062230	1.0	novelpep (map to known protein with more than 2 mismatched aa)	sp|Q9NZL9-5|MAT2B-5_HUMAN	75.000	14	NA	MPE	EMPEDMEQEEEV	EEVNIP	12	3	0	NA
GMRBRK_20181223_Gros-Kiessling-melanoma-combo_TMTset1_350ug_IPG3-10_fr30.mzML	set1	11.545069	100.000001490116	controllerType=0 controllerNumber=1 scan=5256	5256	HCD	698.8472	1	-0.3268781	4	+229.163THTNTEPHSQSQEPSNGEPQK+229.163			"=_8409106@5.48654452844971@fr30:455447(pre=-,post=-)"	90	25	1.7537956E-10	0.008972254	0.948	0.007009345794392520	0.0	0.0	1.0574594603430700	1.1038896397780400	0.0	0.6440375753451810	4.919310458266260	0.0	0.5391977661947610	0.8654839382346810	1.0	novelpep (map to known protein with more than 2 mismatched aa)	NP_004396.1	40.000	21	NA	TAAYTS	YTSYAPYGTSSSPANNEPEK	PEKEDL	20	12	0	NA
GMRBRK_20181223_Gros-Kiessling-melanoma-combo_TMTset1_350ug_IPG3-10_fr29.mzML	set1	53.144414	100.000001490116	controllerType=0 controllerNumber=1 scan=27331	27331	HCD	1026.5642	1	1.685815	3	+229.163VDTFPQPLAAPQC+57.021HTLLAPEVWK+229.163			"c_#=_#j_5293645@5.60204350550124@fr29:301629(pre=R,post=-);c_#=_#j_5293647@5.5030905481143@fr29:301631(pre=-,post=-)"	182	177	1.4809802E-25	7.5867575E-18	4.339	0.0	0.0	0.8056057876718350	0.5059449529759010	0.512223059457251	1.4876870548793500	0.80694454083072	1.5738608600027800	0.8670264419209730	1.601076225329400	0.4610968345679020	1.0	novelpep (map to known protein with more than 2 mismatched aa)	XP_024308127.1	95.238	23	NA	ISRVDT	VDTFPQPLAAPQCHTLLAPEM	PEMEDN	21	1	0	NA
GMRBRK_20181223_Gros-Kiessling-melanoma-combo_TMTset1_350ug_IPG3-10_fr29.mzML	set1	36.88116	100.000001490116	controllerType=0 controllerNumber=1 scan=18950	18950	HCD	761.75995	1	3.3141732	3	+229.163TDGFAEAIHSPQVAGVPK+229.163			"smutalt_11677597@5.50983432368301@fr29:825279(pre=-,post=-)"	122	120	2.4890862E-21	1.231771E-13	3.327	0.0	0.0	0.5902478147947300	0.5068441173382610	0.6597541478315210	0.642011383954741	0.7918108547279420	2.3751285369026000	0.8205168563087600	0.8142559240075730	0.6426432973027080	1.0	map to known protein with 1 aa mismatch	NP_003283.2	94.444	18	18	PHRTDG	TDGFAEAIHSPQVAGVPR	VPRFRF	18	1	0	PASS
GMRBRK_20181223_Gros-Kiessling-melanoma-combo_TMTset1_350ug_IPG3-10_fr29.mzML	set1	11.459076	100.000001490116	controllerType=0 controllerNumber=1 scan=5225	5225	HCD	698.84534	1	-3.0352936	4	+229.163THTNTEPHSQSQEPSNGEPQK+229.163			"=_8409106@5.48654452844971@fr29:431845(pre=-,post=-)"	169	129	6.891715E-18	3.4856126E-10	2.386	0.0	0.0	0.0	0.9892946383923960	1.5168005757977200	0.0	0.0	7.720677813200940	1.358639317978250	0.42845285628601200	1.441138430481080	1.0	novelpep (map to known protein with more than 2 mismatched aa)	NP_004396.1	40.000	21	NA	TAAYTS	YTSYAPYGTSSSPANNEPEK	PEKEDL	20	12	0	NA
GMRBRK_20181223_Gros-Kiessling-melanoma-combo_TMTset1_350ug_IPG3-10_fr14.mzML	set1	49.840746	100.000001490116	controllerType=0 controllerNumber=1 scan=25395	25395	HCD	1092.2485	1	1.9197899	3	+229.163LGVEARPTAAALMAGGGAGDPGLGAAAAPAPETR			"=_#j_4503735@4.50796377970401@fr14:367979(pre=-,post=-)"	376	311	1.9445804E-30	1.1235342E-22	5.319	0.0	0.0	1.1303444059656800	0.9438743350692700	0.6754787942319950	0.864628031603661	1.7967438379357500	0.9842998675387140	1.2494621311034500	0.6823202724106440	0.6055674259022790	1.0	novelpep (map to known protein with more than 2 mismatched aa)	NP_006825.1	100.000	34	NA	M	MAGGGAGDPGLGAAAAPAPETR	ETREHL	22	0	0	NA
GMRBRK_20181223_Gros-Kiessling-melanoma-combo_TMTset1_350ug_IPG3-10_fr14.mzML	set1	22.82588	100.000001490116	controllerType=0 controllerNumber=1 scan=11035	11035	HCD	806.412	1	0.6318596	3	+229.163DHGGGEAAGQQLGAPAQQELPR			"=_#m_4892949@4.44433091114046@fr14:399361(pre=-,post=-)"	161	144	1.3637923E-21	7.430708E-14	3.504	0.0	0.0	0.8039138938879850	1.0850383239791100	1.20939953422743	1.1716280010455800	0.5432143997801820	0.8533619327768070	0.9043186319058740	0.7664607588618910	1.0901548275974600	1.0	novelpep (map to known protein with more than 2 mismatched aa)	XP_005267627.1	47.368	22	NA	ASEGAG	GAGPAAGPELSRPQQYTIP	TIPGIL	19	10	0	NA
GMRBRK_20181223_Gros-Kiessling-melanoma-combo_TMTset1_350ug_IPG3-10_fr14.mzML	set1	87.681687	100.000001490116	controllerType=0 controllerNumber=1 scan=44375	44375	HCD	1128.644	0	4.109968	2	+229.163VLELAAAMEGLAGYVYK+229.163			"=_#k_#j_1742235@4.46419408255587@fr14:143959(pre=-,post=-)"	312	218	3.1368922E-17	1.6472946E-09	1.932	0.0	0.0	0.7103517855478060	0.5124077585621970	1.142237071786010	1.321745101128160	1.4196043190854800	1.2798330494640700	1.009068746620730	1.1689891762479800	1.2051901613234200	1.0	novelpep (map to known protein with more than 2 mismatched aa)	NP_056137.1	100.000	17	NA	M	MEGLAGYVYK	VYKAAS	10	0	0	NA
GMRBRK_20181223_Gros-Kiessling-melanoma-combo_TMTset1_350ug_IPG3-10_fr14.mzML	set1	24.9617	100.000001490116	controllerType=0 controllerNumber=1 scan=12158	12158	HCD	753.7245	1	-0.7822042	3	+229.163GPTSTSIDNIDGTPVRNER			"smutalt_11580523@4.43766999187841@fr14:1067853(pre=-,post=-)"	140	112	7.174948E-16	3.829405E-08	1.971	0.0	0.0	0.4976845225799590	0.3861065345582020	0.4245642453872740	0.5102393936133330	0.4620657395681340	2.8043137772777700	0.6926052657753260	0.641451640010965	0.3528352735824800	1.0	map to known protein with 1 aa mismatch	XP_016856254.1	94.737	19	17	FQRGPT	GPTSTSIDNIDGTPVRDER	DERSGT	19	1	0	PASS
GMRBRK_20181223_Gros-Kiessling-melanoma-combo_TMTset1_350ug_IPG3-10_fr14.mzML	set1	13.834971	71.665279567242	controllerType=0 controllerNumber=1 scan=6466	6466	HCD	601.9825	1	0.5422144	3	+229.163SENGEHQDSTLK+229.163			"smutalt_13136759@4.53980262809633@fr14:1162875(pre=-,post=-)"	77	68	3.696454E-15	1.8367001E-07	1.76	0.0	0.0	0.40240145269366900	0.427207925629848	0.3574074382074500	0.4015523470690380	0.5060536448968330	3.93635058810794	0.47207415626441600	0.568514016304797	0.4049205130973640	1.0	map to known protein with 1 aa deletion	NP_786924.2	100.000	12	NA	IKPENG	ENGEHQDSTLK	TLKEDV	11	0	0	NA
GMRBRK_20181223_Gros-Kiessling-melanoma-combo_TMTset1_350ug_IPG3-10_fr14.mzML	set1	29.743349	52.726835012436	controllerType=0 controllerNumber=1 scan=14666	14666	HCD	548.60614	0	1.4463166	3	+229.163EAEEEFWYRR			"smutalt_18272879@4.39637858913982@fr14:1475899(pre=-,post=-)"	122	108	3.888491E-13	1.8670933E-05	0.965	0.0070921985815602800	0.009771986970684040	0.503010082485867	0.8735364225195880	0.7693971168822590	0.49840555456842800	0.6660561685095880	2.934568099353310	0.5767607674298770	0.5852038557027990	0.5176148398349060	1.0	map to known protein with 1 aa mismatch	NP_004996.1	90.000	10	10	LLKEAE	EAEEEFWYRQ	YRQHPQ	10	1	0	PASS
GMRBRK_20181223_Gros-Kiessling-melanoma-combo_TMTset1_350ug_IPG3-10_fr14.mzML	set1	68.570788	100.000001490116	controllerType=0 controllerNumber=1 scan=35172	35172	HCD	1007.5479	1	-0.15047579	2	+229.163LFIGGLSFETTNESLR			"=_#k_7919734@4.52482948887842@fr14:569139(pre=-,post=-)"	236	163	6.2077416E-13	3.2308653E-05	1.059	0.0	0.0	0.973272332374965	0.9669843665321530	0.9918861037557640	0.9546397939045130	1.0955428137276700	1.0180427163420200	1.0050392102318000	0.938177571612532	0.998780079337636	1.0	map to known protein with 1 aa mismatch	NP_112420.1	93.750	16	12	LRKLFI	LFIGGLSFETTDESLR	SLRSHF	16	1	0	PASS
GMRBRK_20181223_Gros-Kiessling-melanoma-combo_TMTset1_350ug_IPG3-10_fr14.mzML	set1	25.050683	58.99603292346	controllerType=0 controllerNumber=1 scan=12210	12210	HCD	756.44525	0	-0.08068681	2	+229.163EALAQPAPEK+229.163			"smutalt_14120278@4.45175266116568@fr14:1221817(pre=-,post=-)"	174	140	4.1690293E-12	2.0017961E-04	0.939	0.006928406466512700	0.009708737864077670	0.6641255155662310	0.4247858858597290	0.6059230646334560	0.6244482691264240	0.6153604087531710	3.206390145220050	0.5259495680786050	0.7537054833091290	0.610033838382175	1.0	map to known protein with 1 aa mismatch	NP_009096.2	90.000	10	3	EAKEAP	EAPAQPAPEK	PEKVKV	10	1	0	PASS
GMRBRK_20181223_Gros-Kiessling-melanoma-combo_TMTset1_350ug_IPG3-10_fr03.mzML	set1	67.847645	100.000001490116	controllerType=0 controllerNumber=1 scan=35621	35621	HCD	1392.1729	1	0.19811437	2	+229.163WDNNYEDGVSPMSWIGSVDILR			"smutalt_14974800@3.73593760759811@fr3:495283(pre=-,post=-)"	301	258	9.0396234E-23	3.984582E-15	3.363	0.0	0.0	0.3813505936251560	0.4661008142200570	0.4542491875700180	0.5614017957214010	0.4952990521762560	3.4445512038149900	0.45983373194965600	0.7003181368913680	0.5047138513608170	1.0	map to known protein with 1 aa mismatch	XP_011527330.1	95.455	22	6	LGRWDN	WDNNYGDGVSPMSWIGSVDILR	ILRRWK	22	1	0	PASS
GMRBRK_20181223_Gros-Kiessling-melanoma-combo_TMTset1_350ug_IPG3-10_fr03.mzML	set1	59.410701	23.234887048602	controllerType=0 controllerNumber=1 scan=31301	31301	HCD	1227.1205	0	2.6858873	2	+229.163DSTGMDPDDIWQLSSSLK+229.163			"smutalt_6494608@3.69959348750335@fr3:552539(pre=-,post=-)"	304	253	2.8325027E-19	1.21263485E-11	2.497	0.0	0.0	0.16711992237495300	0.16506001459872500	0.16337234988270000	3.6069411277746400	0.2132340697425600	0.4375232731783500	0.29184569872864000	3.9023739893797900	0.0	1.0	map to known protein with 1 aa mismatch	NP_055567.2	94.444	18	2	HRKDPT	DPTGMDPDDIWQLSSSLK	SLKRFD	18	1	0	PASS
GMRBRK_20181223_Gros-Kiessling-melanoma-combo_TMTset1_350ug_IPG3-10_fr03.mzML	set1	45.315922	100.000001490116	controllerType=0 controllerNumber=1 scan=23612	23612	HCD	910.43036	0	8.983427	2	+229.163GSFFEMTDDDSAIR			"smutalt_15446025@3.75076279557926@fr3:501497(pre=-,post=-)"	226	226	5.045761E-19	2.0838876E-11	2.24	0.0	0.0	0.42390701965961600	0.7009592617681380	0.54900649786534	0.4654544477316900	0.5981097934785220	2.90501098564828	0.5496370949784150	0.5539367952553960	0.5247035699073380	1.0	map to known protein with 1 aa mismatch	XP_024309173.1	92.857	14	3	DSRGSS	GSSFEMTDDDSAIR	AIRALT	14	1	0	PASS
GMRBRK_20181223_Gros-Kiessling-melanoma-combo_TMTset1_350ug_IPG3-10_fr03.mzML	set1	69.356326	100.000001490116	controllerType=0 controllerNumber=1 scan=36384	36384	HCD	1280.661	0	2.954873	2	+229.163AAFDEALAELDTLSEESYK+229.163			"smutref_#smutalt_12297252@3.77689657525957@fr3:462893(pre=-,post=-)"	339	186	1.4649714E-14	6.3209876E-07	1.47	0.0	0.0	0.8226860099690770	0.8143935136230240	1.1153888866220400	0.7562666084550160	1.1237336985037500	1.0954872582327600	0.9309427506673140	0.7874599573740450	1.178718901845880	1.0	novelpep (map to known protein with more than 2 mismatched aa)	XP_016880494.1	89.474	19	NA	LAKAAF	AAFDDAIAELDTLSEESYK	SYKDST	19	2	0	NA
GMRBRK_20181223_Gros-Kiessling-melanoma-combo_TMTset1_350ug_IPG3-10_fr03.mzML	set1	14.04736	92.838831245899	controllerType=0 controllerNumber=1 scan=6551	6551	HCD	731.85535	1	-1.2921134	2	+229.163DAEQEEEVQR			"=_#k_#j_924563@3.78421536527071@fr3:45691(pre=-,post=A);=_#k_#j_924601@3.76430720372882@fr3:45693(pre=-,post=-)"	178	170	8.512582E-14	3.338513E-06	1.229	0.0	0.0	1.101109741814220	1.227251270382670	0.9373019320475900	0.7835632490865540	0.8163624047187990	0.9773797988388350	1.3184082387957500	0.8851112145662860	0.8697197079769700	1.0	novelpep (map to known protein with more than 2 mismatched aa)	tr|A0A5F9ZI45|A0A5F9ZI45_HUMAN	70.000	10	NA	SESDQE	DQEQEEEIHR	IHRMSR	10	3	0	NA
GMRBRK_20181223_Gros-Kiessling-melanoma-combo_TMTset1_350ug_IPG3-10_fr36.mzML	set1	26.496591	68.810887634754	controllerType=0 controllerNumber=1 scan=13463	13463	HCD	606.84973	0	1.9109676	2	+229.163IPDQLGGQR			"=_#j_2063505@5.55911332149155@fr36:87669(pre=-,post=P)"	91	87	4.65225E-12	2.650172E-04	1.075	0.0	0.0	0.9138690643039240	0.9824965669407160	0.999965255556644	1.3493303962425100	1.2346927422505100	0.9890301629499520	1.0048195406765700	1.218826059716950	0.9670646189624350	1.0	novelpep (map to known protein with more than 2 mismatched aa)	XP_016857613.1	77.778	9	NA	LRSIPE	IPEQLGGQK	GQKEPS	9	2	0	NA
GMRBRK_20181223_Gros-Kiessling-melanoma-combo_TMTset1_350ug_IPG3-10_fr08.mzML	set1	91.075348	100.000001490116	controllerType=0 controllerNumber=1 scan=46465	46465	HCD	910.8149	0	0.067011595	3	+229.163ILDEEVFEGNIQQLLFVSDHR			"smutalt_18542113@4.10420277683981@fr8:1014461(pre=-,post=-)"	182	178	1.2508821E-25	7.257207E-18	4.221	0.0	0.0	0.894242264380893	1.0440825815861100	0.9447047569328190	1.0255397169268700	1.079404699398730	1.2496382464143000	0.9107724161464160	0.8225643536904860	0.9638055261458180	1.0	map to known protein with 1 aa mismatch	XP_016869755.1	95.238	21	10	GTRILD	ILDEEVFEGDIQQLLFVSDHR	DHRAAY	21	1	0	PASS
GMRBRK_20181223_Gros-Kiessling-melanoma-combo_TMTset1_350ug_IPG3-10_fr08.mzML	set1	11.495895	100.000001490116	controllerType=0 controllerNumber=1 scan=5269	5269	HCD	522.4917	1	-0.32038996	4	+229.163DGAAAEGDHPEPEGDHPR			"=_#smutref_#smutalt_2327033@4.13445760641792@fr8:222555(pre=-,post=A);=_#smutref_#smutalt_2327070@4.05391784013867@fr8:222561(pre=-,post=-)"	161	158	5.29997E-24	3.0058566E-16	3.838	0.0	0.0	0.0	0.8037313380502850	4.877862175022380	2.762511293826470	0.0	0.0	0.9969145302357160	2.255368549520350	4.770040652819800	1.0	novelpep (map to known protein with more than 2 mismatched aa)	XP_016874287.1	55.556	18	NA	YTGDGS	DGSEHEGDTPELEAEPPR	PPRMLS	18	8	0	NA
GMRBRK_20181223_Gros-Kiessling-melanoma-combo_TMTset1_350ug_IPG3-10_fr08.mzML	set1	76.729234	35.798851400614	controllerType=0 controllerNumber=1 scan=39243	39243	HCD	887.1592	2	0.46058443	3	+229.163LHDINAQLVEDQSFLDTLK+229.163			"smutalt_15215240@4.12010795718279@fr8:1556933(pre=-,post=-)"	149	145	1.6136016E-22	9.225516E-15	3.676	0.0	0.0	0.43949827766135100	0.5018511876178520	0.4364789407724650	0.4387725788324920	0.5450886959709100	2.981575241559980	0.5268018814957280	0.5990151040613510	0.41370715510196500	1.0	map to known protein with 1 aa mismatch	NP_663782.2	94.737	19	13	VAKLHD	LHDINAQLVEDQGFLDTLK	TLKDLI	19	1	0	PASS
GMRBRK_20181223_Gros-Kiessling-melanoma-combo_TMTset1_350ug_IPG3-10_fr08.mzML	set1	52.638935	100.000001490116	controllerType=0 controllerNumber=1 scan=26564	26564	HCD	978.0169	0	2.433881	2	+229.163AGGAADMTDNIPLQPVR			"=_3249079@4.01072499179428@fr8:307569(pre=-,post=-)"	183	168	1.884455E-20	1.0595455E-12	2.91	0.0	0.0	0.7790266066895840	0.7768935076510000	1.5819928912436500	1.0682659351376700	1.2341491160349000	0.7054590147339270	0.9882561492450850	1.006383812320080	1.663058934993470	1.0	novelpep (map to known protein with more than 2 mismatched aa)	NP_006036.1	100.000	17	NA	M	MTDNIPLQPVR	PVRQKK	11	0	0	NA
GMRBRK_20181223_Gros-Kiessling-melanoma-combo_TMTset1_350ug_IPG3-10_fr08.mzML	set1	87.073895	91.025039553642	controllerType=0 controllerNumber=1 scan=44473	44473	HCD	980.1492	0	-0.8717973	3	+229.163WDNNYEDGVSPMSWIGSVDILRR			"smutalt_14974799@4.03944847705519@fr8:945655(pre=-,post=-)"	210	116	3.606007E-15	2.1196009E-07	1.651	0.0	0.0	0.5963272013026720	0.8786684616689010	0.7516227859628390	0.6307527379523930	0.6887422469005600	3.1477587531289900	0.8269113014331770	0.7565575397635060	0.8057993507209860	1.0	map to known protein with 1 aa mismatch	XP_011527330.1	95.652	23	6	LGRWDN	WDNNYGDGVSPMSWIGSVDILRR	LRRWKN	23	1	0	PASS
GMRBRK_20181223_Gros-Kiessling-melanoma-combo_TMTset1_350ug_IPG3-10_fr08.mzML	set1	44.76611	17.332768067718	controllerType=0 controllerNumber=1 scan=22313	22313	HCD	740.05133	1	0.60603267	3	+229.163ASPEAASTPRDPIDVDLHP			"j_6144918@4.19571607966348@fr8:573643(pre=-,post=-)"	129	95	4.0566246E-15	2.3193121E-07	1.315	0.0	0.0	0.7846745349833350	1.6690152267857300	1.290354183607420	0.8708237978012850	0.6792134322932220	0.6491965731189110	0.8659944534484220	0.6304354043229570	1.2768293777355400	1.0	map to known protein with 1 aa mismatch	NP_150250.2	94.737	19	18	SKKASP	ASPEAASTPRDPIDVDLLP	LLPPPA	19	1	0	PASS
GMRBRK_20181223_Gros-Kiessling-melanoma-combo_TMTset1_350ug_IPG3-10_fr08.mzML	set1	87.030868	88.975578546524	controllerType=0 controllerNumber=1 scan=44450	44450	HCD	980.4833	1	-1.2239523	3	+229.163WDNNYEDGVSPMSWIGSVDILRR			"smutalt_14974799@4.03944847705519@fr8:945655(pre=-,post=-)"	204	94	7.0935407E-13	4.169563E-05	1.129	0.0	0.0	0.5739558334671050	0.8096970287144660	0.8535683042261130	0.7274581887720780	0.7248526319194330	2.399012664676510	0.6225550837437880	0.6476664034337760	0.763808312464152	1.0	map to known protein with 1 aa mismatch	XP_011527330.1	95.652	23	6	LGRWDN	WDNNYGDGVSPMSWIGSVDILRR	LRRWKN	23	1	0	PASS
GMRBRK_20181223_Gros-Kiessling-melanoma-combo_TMTset1_350ug_IPG3-10_fr15.mzML	set1	57.520619	100.000001490116	controllerType=0 controllerNumber=1 scan=29568	29568	HCD	800.1111	1	1.3999916	3	+229.163TGMAAEAADLGLGAAVPVELRR			"=_#m_#j_5215584@4.66396447082014@fr15:414955(pre=-,post=-)"	146	124	1.5878916E-20	8.5841837E-13	3.022	0.0	0.0	0.7661640973421990	1.0341490956048200	0.9465098408471500	1.4152582406769200	1.0466511039006000	1.164199370018350	0.7192219998041770	1.2575049924767200	0.9363932825329320	1.0	novelpep (map to known protein with more than 2 mismatched aa)	NP_036219.2	100.000	22	NA	M	MAAEAADLGLGAAVPVELRR	LRRERR	20	0	0	NA
GMRBRK_20181223_Gros-Kiessling-melanoma-combo_TMTset1_350ug_IPG3-10_fr15.mzML	set1	52.842136	100.000001490116	controllerType=0 controllerNumber=1 scan=27061	27061	HCD	885.8066	0	-1.9292938	3	+229.163TYEMEPAEAIETPLLPHQK+229.163			"smutalt_15750401@4.63800148255772@fr15:1288697(pre=-,post=-)"	132	118	1.6548942E-20	8.7627524E-13	3.117	0.0	0.0	0.6216446429369490	1.020648941618200	0.962006593936614	0.8836610976218290	1.0986053393963500	1.5487566475623000	0.6595329562654110	0.8166887888274870	1.0626757835013900	1.0	map to known protein with 1 aa mismatch	XP_016862568.1	94.737	19	2	DDKTHE	THEMEPAEAIETPLLPHQK	HQKQAL	19	1	0	PASS
GMRBRK_20181223_Gros-Kiessling-melanoma-combo_TMTset1_350ug_IPG3-10_fr15.mzML	set1	57.237423	29.571449384093	controllerType=0 controllerNumber=1 scan=29414	29414	HCD	1037.5511	0	1.5294826	2	+229.163AAQAFFPAAELAQAGPER			"=_#j_5018801@4.53746879322348@fr15:398809(pre=-,post=-)"	312	237	6.3060154E-17	3.3130918E-09	1.964	0.0	0.0	1.4598472113988300	0.7084107214457720	0.5623553530631490	0.5903343995026960	0.9148035297551130	1.1822015276414300	1.4014966145588300	0.6992101719036680	0.6085336178511600	1.0	novelpep (map to known protein with more than 2 mismatched aa)	XP_016884526.1	47.059	18	NA	PMPAEF	AEFFHPAVSASQKGPEK	PEKGTG	17	9	0	NA
GMRBRK_20181223_Gros-Kiessling-melanoma-combo_TMTset1_350ug_IPG3-10_fr15.mzML	set1	87.68422	100.000001490116	controllerType=0 controllerNumber=1 scan=44541	44541	HCD	1129.1375	1	-3.2167404	2	+229.163VLELAAAMEGLAGYVYK+229.163			"=_#k_#j_1742235@4.46419408255587@fr15:140283(pre=-,post=-)"	120	84	4.2801443E-15	2.2297255E-07	1.921	0.0	0.0	1.3082855789871000	0.6073252124639160	2.0684249376461300	1.7562193212061100	2.116752930135360	1.7625233989127200	1.0654293841375300	2.0981929004180500	1.817276865923830	1.0	novelpep (map to known protein with more than 2 mismatched aa)	NP_056137.1	100.000	17	NA	M	MEGLAGYVYK	VYKAAS	10	0	0	NA
GMRBRK_20181223_Gros-Kiessling-melanoma-combo_TMTset1_350ug_IPG3-10_fr15.mzML	set1	57.364679	100.000001490116	controllerType=0 controllerNumber=1 scan=29484	29484	HCD	977.5364	1	-1.1546134	2	+229.163TWPALSSPAAEELPVR			"=_780744@4.53186349790676@fr15:62317(pre=-,post=-);=_780747@4.61883318627557@fr15:62319(pre=-,post=A)"	200	145	9.841309E-15	5.080805E-07	1.629	0.0	0.0	1.3677652889493600	1.4501078774975300	0.9823261126784620	1.084671185129490	0.8738606249242920	0.9191013094887000	1.4272437588675900	0.9451588573832050	0.8765506498388200	1.0	novelpep (map to known protein with more than 2 mismatched aa)	XP_024305563.1	50.000	16	NA	RWAWPE	WPEVEAPEAPALPV	LPVVPE	14	7	0	NA